,0,1,2,3,4,5,6,7,8,9,10,11,12,13,14,15,16,17,18,19,20
0,?이?베이?시?템,CITE421,0,0,0,0,1,0,0,0,0,0,0,0,0,0,0,0,0,0,1
1,메이커스?문,CITE215,0,0,0,0,0,0,0,0,0,0,0,0,0,3,0,0,0,0,3
2,비즈?스모델 ?튜?오,CITE306,17,11,0,0,0,0,0,0,0,0,0,0,0,0,0,0,0,0,28
3,?체?료 ?바이?패브리케?션,CITE451,0,0,0,2,0,0,0,0,0,0,0,0,0,0,0,0,0,0,2
4,?체?자기기-진단?치료??한 공학,CITE452,2,3,0,1,0,0,0,0,0,0,0,0,0,2,0,0,0,0,8
5,?구참여A,CITE399A,0,0,0,0,0,0,0,0,0,0,0,0,0,1,0,0,0,0,1
6,?공???명?공학??만남,CITE241,4,2,0,0,2,1,0,0,0,0,0,0,0,0,0,0,0,0,9
7,?터?션 ?자???튜?오,CITE203,6,3,11,0,0,0,0,0,0,0,0,0,0,0,0,0,0,0,20
8,창의IT고급?강I: 로봇공학개론,CITE490I,1,0,1,4,0,1,0,0,0,0,0,0,0,0,0,0,0,0,7
9,창의IT고급?강K:AR/VR ?자???브리??션 ?튜?오,CITE490K,1,4,0,0,0,0,0,0,0,0,0,0,0,0,0,0,0,0,5
10,창의IT종합?계II:기초?계,CITE202,4,5,7,6,5,0,1,0,0,0,0,0,0,0,0,0,0,0,28
11,창의IT종합?계III:고급?계,CITE301,4,3,3,7,4,2,0,0,0,0,0,0,0,0,0,0,0,0,23
12,창의IT종합?계???스?통??CITE302,3,4,3,2,5,2,2,0,0,0,0,0,0,0,0,0,0,0,21,
13,?과?문(IT?합공학?,CITE100,0,0,0,0,0,0,0,0,0,0,0,0,0,277,0,0,0,0,277
14,??증진?강:과학기술?재???론문장 ?습,ICEC102A,0,0,0,0,0,0,0,0,0,0,0,0,0,9,1,0,0,0,10
15,?세OC?강:글로벌리더??YSOC200C,0,0,0,0,0,0,0,0,0,0,0,0,0,39,0,0,0,23,39,
16,?세OC?강:?이?로?해?는?상,YSOC200E,0,0,0,0,0,0,0,0,0,0,0,0,0,0,0,0,0,7,0
17,?세OC?강:반기문과 ?께?는 지???발?의 ?해,YSOC200D,0,0,0,0,0,0,0,0,0,0,0,0,0,0,1,0,1,2,1
18,?세OC?강:?상???시?는?로그래?YSOC200F,0,0,0,0,0,0,0,0,0,0,0,0,0,0,0,0,0,11,0,
19,?세OC?강:?럽?시문화공간?로?는??,YSOC200B,0,0,0,0,0,0,0,0,0,0,0,0,0,45,7,0,0,29,52
20,?세OC?강:?상?동?심?YSOC200A,0,0,0,0,0,0,0,0,0,0,0,0,0,38,2,0,0,19,40,
21,?스?키???동 ?계,ABCM101A,0,0,0,0,0,0,0,0,0,0,0,0,0,82,0,0,0,0,82
22,?스?키???동 ?계,ABCM101B,0,0,0,0,0,0,0,0,0,0,0,0,0,42,0,0,0,0,42
23,?스?키???동 ?계,ABCM101C,0,0,0,0,0,0,0,0,0,0,0,0,0,20,0,0,0,0,20
24,?스?키???동 ?계,ABCM101D,0,0,0,0,0,0,0,0,0,0,0,0,0,13,0,0,0,0,13
25,CAD ?가?MECH203,1,3,3,5,0,0,0,0,0,0,0,0,0,0,0,0,1,0,12,
26,고체??,MECH240,7,8,5,10,6,4,2,0,0,0,0,0,2,0,0,0,4,0,44
27,공학?학,MECH303,3,3,0,1,1,0,0,0,0,0,0,0,0,0,0,0,0,0,8
28,광학????MECH490O,2,2,3,3,0,0,0,0,0,0,0,0,0,0,0,0,1,0,10,
29,기계가공실??MECH390,18,16,4,5,4,3,0,0,0,0,0,0,0,0,0,0,0,0,50,
30,기계?공지??MECH437,6,15,10,4,3,3,0,2,0,0,0,0,3,11,1,0,9,0,58,
31,기계?료??MECH244,1,2,0,4,1,0,0,0,0,0,0,0,0,0,0,0,0,0,8,
32,기계?자공학,MECH381,7,6,9,7,6,1,1,0,0,0,0,0,0,0,0,0,1,0,37
33,기계진동??MECH311,5,4,1,4,3,1,6,3,2,4,0,2,0,1,0,0,14,0,36,
34,?노공학개론,MECH403,20,13,12,7,2,2,3,0,2,2,0,0,0,6,0,0,2,0,69
35,로보?스개론,MECH439,3,5,5,3,3,4,3,1,2,1,1,0,0,3,0,0,5,0,34
36,?체?료 ?바이? 패브리케?션,MECH423,2,3,2,0,0,0,0,0,0,0,0,0,0,1,0,0,0,0,8
37,?체?자기기-진단?치료??한 공학,MECH424,0,1,1,0,0,0,0,0,0,0,0,0,0,0,0,0,0,0,2
38,?스?설?캡스?디?인,MECH434,6,12,10,5,0,0,0,0,0,0,0,0,0,0,0,0,0,0,33
39,?스?설계I:캡스?디?인,MECH333,0,6,3,1,0,0,0,0,0,0,0,0,0,0,0,0,0,0,10
40,?스?설계II:캡스?디?인,MECH433,2,11,6,1,1,0,0,0,0,0,0,0,0,0,0,0,0,0,21
41,?구참여A,MECH399A,0,5,2,0,0,0,0,0,0,0,0,0,0,0,0,0,0,0,7
42,?구참여B,MECH399B,4,3,2,0,0,0,0,0,0,0,0,0,0,0,0,0,0,0,9
43,?구참여D,MECH399D,3,3,0,0,0,0,0,0,0,0,0,0,0,0,0,0,0,0,6
44,?역??MECH250,5,16,11,23,8,8,4,1,1,0,0,0,0,1,0,0,2,0,78,
45,?체??,MECH370,6,7,11,7,6,3,3,0,1,0,0,0,0,0,0,0,1,0,44
46,?공???명?공학??만남,MECH361,1,1,1,0,3,0,0,0,0,0,0,0,0,0,0,0,1,0,6
47,?료가?MECH330,8,9,7,6,3,1,0,0,0,0,0,0,0,0,0,0,0,0,34,
48,?정기술개론,MECH467,0,0,2,4,0,0,0,0,0,0,0,0,0,0,0,0,0,0,6
49,?산?도및설?MECH202,3,9,9,6,1,0,0,0,0,0,0,0,0,0,0,0,0,0,28,
50,??생?과 미래?계I,MSUS102,0,0,0,0,0,0,0,0,0,0,0,0,0,618,8,0,0,0,626
51,??생?과 미래?계I,MSUS102A,0,0,0,0,0,0,0,0,0,0,0,0,0,5,0,0,0,0,5
52,??생?과 미래?계I,MSUS102B,0,0,0,0,0,0,0,0,0,0,0,0,0,2,2,0,0,0,4
53,??생?과 미래?계II,MSUS103A,0,0,0,0,0,0,0,0,0,0,0,0,0,4,0,0,0,0,4
54,??생?과 미래?계II,MSUS103B,0,0,0,0,0,0,0,0,0,0,0,0,0,2,2,0,0,0,4
55,?과?색,MSUS101,0,0,0,0,0,0,0,0,0,0,0,0,0,623,4,0,0,0,627
56,?과?색,MSUS101A,0,0,0,0,0,0,0,0,0,0,0,0,0,3,0,0,0,0,3
57,광물리학,PHYS410,3,7,2,4,2,0,0,1,0,0,0,0,0,3,0,0,0,0,22
58,물리?험II,PHYS351,6,6,6,7,1,3,1,1,0,0,0,0,0,0,0,0,0,0,31
59,물리?험III,PHYS352,2,2,5,1,0,0,1,1,0,0,1,0,0,0,0,0,0,0,13
60,물리?연구I,PHYS431,0,0,0,0,0,0,0,0,0,0,0,0,0,13,0,0,0,0,13
61,물리?의?구??PHYS360,3,5,5,4,1,1,1,0,0,0,0,0,0,0,0,0,0,0,20,
62,???이론입?PHYS202,5,7,8,2,1,0,1,0,0,0,0,0,1,0,0,0,0,0,25,
63,?내기연구참??PHYS199,0,0,0,0,0,0,0,0,0,0,0,0,0,27,1,0,0,0,28,
64,?물물리??PHYS413,3,4,1,2,0,0,0,0,0,0,0,0,0,1,0,0,0,0,11,
65,?자물리I,PHYS301,8,4,8,8,6,1,2,0,0,0,0,0,0,1,0,3,1,0,38
66,?자물리?입?PHYS201,13,14,10,15,5,1,1,0,0,0,0,0,0,0,0,0,7,0,59,
67,??,PHYS203,9,11,9,14,6,3,1,1,0,0,0,0,0,0,0,0,2,0,54
68,?구참여A,PHYS399A,0,0,0,0,0,0,0,0,0,0,0,0,0,3,0,0,0,0,3
69,?구참여C,PHYS399C,0,0,0,0,0,0,0,0,0,0,0,0,0,5,0,0,0,0,5
70,?반물리I,PHYS101,62,86,109,121,89,62,23,14,7,3,1,0,4,0,0,0,7,0,581
71,?반물리?험I,PHYS103,0,3,1,1,0,0,0,0,0,0,0,0,0,600,9,0,0,0,614
72,?반물리?습I,PHYS110,0,0,0,0,0,0,0,0,0,0,0,0,0,92,12,0,3,0,104
73,?자기학II,PHYS307,10,4,6,7,5,1,0,2,0,0,1,0,0,0,0,0,2,0,36
74,?라즈마물리,PHYS406,0,3,2,1,1,0,0,0,0,0,0,0,0,0,0,0,0,0,7
75,??물리?강:?자?보?용,PHYS422,7,4,5,9,3,2,0,0,0,0,0,0,0,1,0,0,0,0,31
76,감성공학,IMEN446,2,0,0,0,0,0,0,0,0,0,0,0,0,0,0,0,0,0,2
77,경영과학I,IMEN260,3,9,17,8,9,7,2,3,0,0,1,0,0,0,0,0,1,0,59
78,경영?보?스??IMEN381,1,5,13,13,4,3,1,0,1,0,1,0,0,0,0,0,0,0,42,
79,공학기초?계,IMEN272,4,8,6,15,9,9,9,5,5,0,0,0,0,0,1,0,3,0,71
80,기업가?신 ????ENTP491,0,0,0,0,0,0,0,0,0,0,0,0,0,71,2,0,0,0,73,
81,기업가?신 ?문,IMEN411,1,1,0,0,0,0,0,0,0,0,0,0,0,0,0,0,0,0,2
82,기업가?신?기술?신,IMEN110,0,0,0,0,0,0,0,0,0,0,0,0,0,331,3,0,1,0,334
83,기업가?신?문,ENTP201,2,3,0,0,1,0,0,0,0,0,0,0,0,0,0,0,0,0,6
84,기업가?신?강:창업???한 ?비??개발 방법?ENTP493K,1,2,2,0,0,0,0,0,0,0,0,0,0,0,0,0,1,0,5,
85,비즈?스?래??ENTP301,16,3,0,0,0,0,0,0,0,0,0,0,0,0,0,0,0,0,19,
86,비즈?스?래??IMEN412,10,0,0,1,0,0,0,0,0,0,0,0,0,0,0,0,0,0,11,
87,?업경영공학?강:??생???한 ?용금융,IMEN491P,16,22,15,7,3,2,0,0,0,0,0,0,0,9,0,0,0,0,74
88,?업경영공학?강:?이??분석???한 R?로그래??라??,IMEN491R,8,3,6,9,6,4,2,1,1,0,0,0,0,0,0,0,7,0,40
89,?산?영관?IMEN376,5,6,4,8,5,6,2,0,0,1,0,0,1,1,0,2,9,0,39,
90,?스?분?및?계,IMEN483,0,4,6,5,2,1,3,0,1,0,0,0,0,0,0,0,1,0,22
91,?전창업?강A:Tech. Startup,ENTP451A,0,0,0,0,0,0,0,0,0,0,0,0,0,37,0,0,0,0,37
92,?전창업?강B:Service Startup,ENTP451B,0,0,0,0,0,0,0,0,0,0,0,0,0,34,1,0,0,0,35
93,?구참여A,IMEN399A,0,0,0,0,0,0,0,0,0,0,0,0,0,5,0,0,0,0,5
94,?구참여B,IMEN399B,0,0,0,0,0,0,0,0,0,0,0,0,0,9,0,0,0,0,9
95,?구참여C,IMEN399C,0,0,0,0,0,0,0,0,0,0,0,0,0,2,0,0,0,0,2
96,?간공학,IMEN343,3,7,9,10,5,3,2,0,0,0,0,0,0,1,0,0,0,0,40
97,?무?계,IMEN203,12,21,8,19,14,17,7,0,0,0,0,0,0,0,0,0,16,0,98
98,?품?산공정?계I:캡스?디?인,IMEN230,1,4,13,9,7,1,1,1,0,0,1,1,1,0,0,0,0,0,40
99,?품?산공정?계II:캡스?디?인,IMEN330,7,6,9,3,7,1,2,2,0,0,0,0,0,0,0,0,0,0,37
100,?품?산공정?계III:캡스?디?인,IMEN430,6,9,7,6,3,2,0,0,0,1,0,0,0,0,0,0,0,0,34
101,창업???제,ENTP492,0,0,0,0,0,0,0,0,0,0,0,0,0,10,0,0,0,0,10
102,최적?개?IMEN261,41,188,9,4,3,2,0,1,0,0,1,0,0,0,0,1,11,0,249,
103,?계?데?터마이??IMEN472,5,10,9,2,0,1,0,0,0,0,0,0,0,1,0,0,4,0,28,
104,?자?IMEN388,6,5,2,1,1,2,0,0,0,0,0,0,0,0,0,0,1,0,17,
105,Independent Research Program B,LIFE412B,0,0,0,0,0,0,0,0,0,0,0,0,0,1,0,0,0,0,1
106,?? ?동???해,LIFE419,4,1,1,2,2,3,3,1,1,0,0,0,0,0,0,0,1,0,18
107,?내기연구참??LIFE199,0,0,0,0,0,0,0,0,0,0,0,0,0,81,2,0,0,0,83,
108,?명과학??????발견,LIFE221,2,1,2,2,1,0,0,0,0,0,0,0,0,0,0,0,0,0,8
109,?명과학?공?문,LIFE218,10,11,8,19,8,4,3,0,0,0,0,0,1,0,0,0,2,0,64
110,"?명과학?강(미생?면역,그리고인간의질병)",LIFE451U,0,0,0,0,0,0,0,0,0,0,0,0,0,37,0,0,1,0,37
111,?명과학?강(바이?헬???공지??,LIFE451Y,9,5,0,2,0,0,0,0,0,0,0,0,0,0,0,0,0,0,16
112,?명과학?강I:???물???향,LIFE451I,0,0,0,0,0,0,0,0,0,0,0,0,0,54,0,0,1,0,54
113,?화?I,LIFE319,5,11,13,5,1,1,1,0,0,0,0,0,0,0,0,0,1,0,37
114,?생물학개론,LIFE424,2,2,1,0,0,0,0,0,0,0,0,0,0,2,0,0,0,0,7
115,?구참여I,LIFE311,17,7,0,1,0,0,0,0,0,0,0,0,0,0,0,0,0,0,25
116,?구참여II,LIFE411,7,2,0,1,0,0,0,0,0,0,0,0,0,0,0,0,0,0,10
117,?전??LIFE315,3,5,2,2,2,2,0,0,0,0,0,0,0,0,0,0,0,0,16,
118,?합?명과학,LIFE219,19,10,20,13,14,4,0,0,0,0,0,0,0,0,0,0,7,0,80
119,?생명과?개?LIFE220,8,14,16,15,11,3,2,0,0,0,0,0,0,1,0,0,0,0,70,
120,?반?명과학,LIFE103,17,31,56,60,52,15,12,11,4,0,0,0,0,0,0,0,13,0,258
121,?반?명과학(H),LIFE103H,28,34,50,37,9,5,1,2,0,0,0,0,0,0,0,0,3,0,166
122,?반?명과학?험,LIFE104,0,0,0,0,0,0,0,0,0,0,0,0,0,31,0,0,0,0,31
123,?과?문(?명과학),LIFE100,0,0,0,0,0,0,0,0,0,0,0,0,0,234,3,0,0,0,237
124,?사?문?구,LIFE402,0,0,0,0,0,0,0,0,0,0,0,0,0,34,2,0,1,0,36
125,???명과학?험,LIFE322,11,7,5,1,0,0,0,0,0,0,0,0,0,0,0,0,0,0,24
126,기하?상개론,MATH422,5,3,1,2,0,0,0,0,0,0,0,0,0,0,0,0,1,0,11
127,미분방정??MATH200,48,50,55,60,44,31,26,11,9,5,1,0,1,0,0,0,45,0,341,
128,미적분학I,MATH101,10,37,82,123,101,63,44,26,17,4,7,3,4,0,0,0,20,0,521
129,?치?석개론,MATH351,16,6,9,2,2,1,2,2,0,0,0,0,1,0,0,0,4,0,41
130,?학?모??MATH443,5,2,0,0,0,0,0,0,0,0,0,0,0,0,0,0,1,0,7,
131,?험?계??MATH231,4,5,2,4,5,1,1,2,0,0,0,0,0,2,0,0,2,0,26,
132,?용복소?수?MATH210,4,6,4,4,7,4,2,3,3,0,0,0,2,0,0,0,1,0,39,
133,?용?형???MATH203,18,39,62,97,68,41,28,16,10,2,4,1,2,0,0,0,60,0,388,
134,?수?MATH304,3,2,1,0,0,1,0,0,0,0,0,0,0,0,1,0,2,0,8,
135,?리?급??MATH415,3,2,2,0,0,0,0,0,0,0,0,0,0,0,0,0,0,0,7,
136,?석?I,MATH311,5,16,4,14,8,7,4,2,0,0,0,0,1,1,0,0,11,0,62
137,????학II,MATH302,2,8,6,5,2,1,0,1,0,1,0,0,0,0,0,0,1,0,26
138,?률및통?MATH230,13,28,15,33,39,10,15,4,1,2,2,0,2,0,0,0,11,0,164,
139,고분?물??AMSE464,1,1,3,2,1,0,0,0,0,0,0,0,0,0,0,0,0,0,8,
140,고분?설계??험,AMSE463,6,4,4,0,0,1,0,0,0,0,0,0,0,0,0,0,0,0,15
141,금속?재개론,AMSE321,3,5,1,2,2,0,0,0,1,0,0,0,0,0,0,0,0,0,14
142,?노과학?기술,AMSE412,10,5,6,4,2,0,0,0,0,0,0,0,0,0,0,0,1,0,27
143,?평???????AMSE315,3,9,8,5,1,0,0,0,0,0,0,0,0,0,0,0,2,0,26,
144,?내기연구참??AMSE199,0,0,0,0,0,0,0,0,0,0,0,0,0,84,2,0,1,0,86,
145,?라믹소?개?AMSE341,5,6,3,4,6,1,1,0,0,1,0,0,0,0,0,0,0,0,27,
146,?재/공정?자??종합?계 IV,AMSE406,0,3,7,1,0,0,0,0,0,0,0,0,0,0,0,0,0,0,11
147,?재/공정?자??종합?계III,AMSE405,1,4,10,5,0,0,0,0,0,0,0,0,0,0,0,0,0,0,20
148,?재구조?AMSE208,3,9,10,5,2,2,0,0,0,0,0,0,0,0,1,0,0,0,32,
149,?재?자??AMSE211,7,17,7,7,1,0,0,0,0,0,0,0,0,0,0,0,0,0,39,
150,?재물리,AMSE313,10,14,7,6,4,2,0,0,0,0,0,0,0,0,0,0,2,0,43
151,?재?기계적?질,AMSE311,3,2,1,2,0,0,0,0,0,0,0,0,0,0,0,0,0,0,8
152,?소?과??AMSE201,14,19,14,17,17,6,2,0,1,0,0,0,0,0,0,0,2,0,90,
153,?너지?재,AMSE414,9,8,7,3,0,0,0,0,0,0,0,0,0,5,0,0,1,0,32
154,?구참여A,AMSE399A,0,0,0,0,0,0,0,0,0,0,0,0,0,9,0,0,0,0,9
155,?구참여B,AMSE399B,0,0,0,0,0,0,0,0,0,0,0,0,0,6,0,0,0,0,6
156,?자?자,AMSE481,3,1,3,2,2,0,0,1,0,0,0,0,0,1,0,1,0,0,13
157,졸업?문I,AMSE499I,2,6,0,0,0,0,0,0,0,0,0,0,0,0,0,0,0,0,8
158,졸업?문II,AMSE499II,5,3,1,0,0,0,0,0,0,0,0,0,0,0,0,0,0,0,9
159,?공지?기초I,AIGS101,0,0,0,0,0,0,0,0,0,0,0,0,0,615,7,0,2,0,622
160,20?기 ?계??HUMN331,7,8,2,2,2,1,0,3,2,0,0,0,0,0,0,0,0,0,27,
161,WI-과학??WICMST302,0,0,0,0,0,0,0,0,0,0,0,0,0,30,4,0,0,0,34,
162,WI-과학?회??WICMST305,0,0,0,0,0,0,0,0,0,0,0,0,0,32,0,0,0,0,32,
163,WI-몸과기술,WICMST408,0,0,0,0,0,0,0,0,0,0,0,0,0,36,0,0,0,0,36
164,WI-문학???해,WIHUMN311,0,0,0,0,0,0,0,0,0,0,0,0,0,24,2,0,0,0,26
165,WI-미술?이??WIARTS312,0,0,0,0,0,0,0,0,0,0,0,0,0,25,2,0,2,0,27,
166,WI-법학???해,WISOSC361,0,0,0,0,0,0,0,0,0,0,0,0,0,54,7,0,2,0,61
167,WI-?회?특? ???회??결혼???WISOSC439,0,0,0,0,0,0,0,0,0,0,0,0,0,31,3,0,0,0,34,
168,WI-?공간과 물질??철학,WICMST406,0,0,0,0,0,0,0,0,0,0,0,0,0,18,0,0,5,0,18
169,WI-?리???간?마?????동,WISOSC341,0,0,0,0,0,0,0,0,0,0,0,0,0,19,8,0,3,0,27
170,WI-?험?회? 커????션,WICMCC412,0,0,0,0,0,0,0,0,0,0,0,0,0,19,2,0,1,0,21
171,WI-?럽근현??의?해,WIHUMN433,0,0,0,0,0,0,0,0,0,0,0,0,0,42,1,0,0,0,43
172,WI-?합문명?화?강: 문명??회비평,WICMCC499,0,0,0,0,0,0,0,0,0,0,0,0,0,1,1,0,0,0,2
173,WI-???리??WISOSC441,0,0,0,0,0,0,0,0,0,0,0,0,0,25,6,0,1,0,31,
174,WI-?폐금융?WICMEF402,0,0,0,0,0,0,0,0,0,0,0,0,0,35,4,0,1,0,39,
175,거시경제??CMEF303,3,10,7,5,2,1,4,2,0,0,0,0,0,0,0,0,1,0,34,
176,게임?론,CMEF406,3,5,8,10,2,2,1,0,0,0,0,0,0,0,0,0,10,0,31
177,경제?원?CMEF301,27,42,91,41,17,7,0,1,0,0,0,0,2,0,0,0,10,0,228,
178,"경제?특?미래 기업??진화모델, 기업??",CMEF499,7,4,3,1,0,0,0,0,0,0,0,0,0,0,0,0,1,0,15
179,고급?어강독,GEDU136,0,0,0,0,0,0,0,0,0,0,0,0,0,68,3,1,1,0,71
180,고급?어?기 ?말하?GEDU137,0,0,0,0,0,0,0,0,0,0,0,0,0,190,1,0,2,0,191,
181,고급?작?GEDU142,2,2,2,1,0,0,0,1,0,0,0,0,0,33,3,0,2,0,44,
182,과학과사?의?합?이??HASS202,20,59,71,62,51,22,7,6,3,0,0,0,0,0,0,0,1,0,301,
183,과학??CMST302,10,12,10,9,5,5,1,1,0,0,0,0,0,0,0,0,1,0,53,
184,과학?회??CMST305,3,15,26,16,4,0,0,0,0,0,0,0,0,0,0,0,1,0,64,
185,글?기,GEDU101,23,59,203,149,28,1,0,2,0,1,1,0,2,0,0,0,1,0,469
186,금융경제??CMEF304,7,13,11,13,4,0,0,0,0,0,0,0,0,0,0,0,1,0,48,
187,기업?,HDLAW30072,0,0,0,0,0,0,0,0,0,0,0,0,0,0,0,0,0,1,0
188,기초?어I,GEDU111,0,0,0,0,0,0,0,0,0,0,0,0,0,327,42,0,20,0,369
189,기초?어II,GEDU112,0,0,0,0,0,0,0,0,0,0,0,0,0,138,15,0,10,0,153
190,몸과기술,CMST408,2,11,24,18,5,0,0,0,0,0,0,0,0,0,0,0,0,0,60
191,문학?이??HUMN311,11,10,8,5,4,0,1,1,4,1,0,0,0,0,0,0,0,0,45,
192,미술?이??ARTS312,8,8,13,9,6,5,1,0,0,0,0,0,1,0,0,0,3,0,51,
193,미시경제??CMEF302,12,8,12,12,8,2,2,0,0,0,0,0,0,0,0,0,0,0,56,
194,법학???해,SOSC361,5,19,24,27,6,8,1,0,0,0,0,0,0,0,0,0,1,0,90
195,?회?특????회??결혼???SOSC439,12,16,23,14,12,6,4,1,1,0,0,0,0,0,0,0,1,0,89,
196,?계문명?의 ?환??CMCC302,27,17,3,14,6,5,3,5,3,0,0,0,0,0,0,0,0,0,83,
197,?공간과 물질??철학,CMST406,0,9,11,14,0,0,0,0,0,0,0,0,1,0,0,0,8,0,35
198,?장?계,CMEF411,1,0,1,2,0,0,0,0,0,0,0,0,0,0,0,0,4,0,4
199,?리???간?마?????동,SOSC341,11,9,6,13,4,5,6,0,0,0,0,0,0,0,0,0,4,0,54
200,?성??SOSC433,0,3,2,1,1,0,0,0,0,0,0,0,0,0,0,0,0,0,7,
201,?문?GEDU126,0,0,0,0,0,0,0,0,0,0,0,0,0,139,11,0,6,0,150,
202,?어?문?성,GEDU141,1,1,0,0,0,0,0,0,0,0,0,0,0,61,3,0,0,0,66
203,?술?특??양?악??ARTS419,7,8,10,6,3,2,2,1,0,0,0,0,0,0,0,0,2,0,39,
204,?험?회? 커????션,CMCC412,2,11,17,15,7,2,1,0,0,0,0,0,0,0,0,0,2,0,55
205,?럽근현??의?해,HUMN433,26,3,6,7,6,0,2,3,4,0,0,0,1,0,0,0,1,0,58
206,?합문명?화?강: 문명??회비평,CMCC499,1,13,8,3,1,0,0,0,0,0,0,0,1,0,0,0,1,0,27
207,?공지?과 ?CMCC413,4,19,22,21,3,7,0,0,0,1,0,0,0,0,0,0,0,0,77,
208,?류?의 ?해,SOSC432,3,14,11,6,3,4,3,0,0,0,0,0,0,0,0,0,2,0,44
209,?문경영?강:문화?술경영,SOSC430,8,10,1,0,0,0,0,0,0,0,0,0,0,0,0,0,0,0,19
210,?문과예?의?계,HASS201,25,68,74,82,62,17,5,3,0,0,2,0,0,0,0,0,0,0,338
211,???리??SOSC441,10,6,13,14,3,2,2,2,0,0,0,0,0,0,0,0,7,0,52,
212,중급?어강독,GEDU132,0,0,0,0,0,0,0,0,0,0,0,0,0,143,0,0,2,0,143
213,중급?어?기 ?말하?GEDU121,0,0,0,0,0,0,0,0,0,0,0,0,0,192,8,2,4,0,200,
214,중급?작?GEDU131,0,0,0,0,0,0,0,0,0,0,0,0,0,45,1,1,1,0,46,
215,진화? ?간?회,CMCC409,13,10,19,9,9,6,5,0,0,0,0,0,0,0,0,0,1,0,71
216,체력관?GEDU151,0,0,0,0,0,0,0,0,0,0,0,0,0,483,5,0,4,0,488,
217,체육?강:코어?레?닝I,GEDU169,0,0,0,0,0,0,0,0,0,0,0,0,0,482,5,0,5,0,487
218,?제간통?교?교?특강B: 기후변?의 ?해,INGE101B,2,4,3,3,0,1,0,0,0,0,0,0,0,0,0,0,0,0,13
219,???술?이??ARTS311,6,24,21,11,6,2,3,1,0,0,0,0,0,0,0,0,3,0,74,
220,?폐금융?CMEF402,5,13,11,9,12,2,1,0,0,0,0,0,0,0,0,0,2,0,53,
221,Matlab?로 배우???자공학,EECE236,6,11,4,4,4,1,0,0,0,0,0,0,0,0,0,0,1,0,30
222,VLSI ?계 ?문,EECE434,14,21,7,5,1,1,1,0,1,0,0,0,0,14,0,0,0,0,65
223,기계?습 ?스??개론,EECE454,10,10,9,9,7,2,0,0,1,1,0,0,0,7,1,0,1,0,57
224,?스?레?공??,EECE412,2,5,1,0,1,0,0,0,0,0,0,0,0,15,0,0,1,0,24
225,???통?개?EECE441,8,8,8,6,4,4,3,0,0,0,0,0,0,2,0,0,6,0,43,
226,마이?로?로?서 구조및응??EECE372,10,10,9,13,8,10,8,6,5,2,1,2,0,0,0,0,13,0,84,
227,마이?로?로?서구조및응??EECE374,1,1,2,3,3,1,0,1,0,0,1,0,0,0,0,0,1,0,13,
228,반도체전?공?I,EECE211,12,12,13,16,16,9,9,0,0,0,3,0,1,0,0,0,6,0,91
229,반도체전?공?II,EECE401,9,11,8,7,5,3,1,0,0,0,0,0,0,3,0,0,1,0,47
230,?체?자기기-진단?치료??한 공학,EECE415,2,1,0,0,1,0,0,0,0,0,0,0,0,2,0,0,0,0,6
231,?스??반도??계,DISU434,1,2,1,1,0,0,0,0,0,0,0,0,0,0,0,0,0,0,5
232,?호및시?템,EECE233,20,30,28,36,25,12,9,5,1,0,0,0,1,0,0,0,13,0,167
233,?구참여A,EECE399A,0,0,0,0,0,0,0,0,0,0,0,0,0,12,0,0,1,0,12
234,?구참여B,EECE399B,0,0,0,0,0,0,0,0,0,0,0,0,0,11,1,0,0,0,12
235,?구참여C,EECE399C,0,0,0,0,0,0,0,0,0,0,0,0,0,5,0,0,0,0,5
236,?공???명?공학??만남,EECE480,1,4,0,0,0,0,0,0,0,0,0,0,0,0,0,0,0,0,5
237,?기?로,DISU231,0,7,11,0,4,2,4,0,0,0,0,0,1,0,0,0,3,0,29
238,?력?스???어 ??영??기초,EECE429,4,2,1,2,2,0,0,0,0,0,0,0,0,5,0,0,0,0,16
239,?자공학?강G(고주?소?해?입?,EECE490G,8,4,1,0,0,0,0,0,0,0,0,0,0,6,0,0,0,0,19
240,?자공학?강M(기초?자?보),EECE490M,17,3,4,0,1,0,0,0,0,0,0,0,0,1,0,0,0,0,26
241,?자공학?강R(?로?론 Practice),EECE490R,2,3,0,1,0,0,0,0,0,0,0,0,0,90,7,0,2,0,103
242,?자공학?강V(지?형 반도??자),EECE490V,1,3,0,2,0,0,0,1,0,0,0,0,0,0,0,0,1,0,7
243,?자공학?강W(강화?습개론),EECE490W,3,7,1,3,1,1,0,0,0,0,0,0,0,4,0,0,2,0,20
244,?자?학A,EECE302,5,14,6,11,5,5,3,2,0,0,0,0,2,0,0,0,10,0,53
245,?자?기공학?험2,EECE338,21,22,20,16,7,9,6,3,1,1,2,0,1,0,0,0,4,0,109
246,?자???용,EECE361,0,6,1,2,0,0,0,0,0,0,1,0,0,1,0,0,0,0,11
247,?자?로I,EECE331,17,23,21,20,9,10,2,1,0,0,1,0,1,1,0,0,10,0,106
248,?자?로I,EECE334,6,1,1,2,0,2,0,1,0,0,2,0,0,0,0,0,0,0,15
249,종합?계과제I,EECE491,8,10,17,18,7,0,1,0,0,0,0,0,0,0,0,0,0,0,61
250,종합?계과제II,EECE492,14,29,20,19,1,1,0,0,0,0,0,0,1,0,0,0,1,0,85
251,초고주파공학 ?론 ??용,DISU361,1,0,0,0,0,0,0,0,0,0,0,0,0,0,0,0,0,0,1
252,?신 ??트?크 개론,EECE442,1,5,0,0,0,1,0,0,0,0,0,0,0,6,0,0,0,0,13
253,?신 ??트?크 개론,NGCN301,1,2,3,0,0,1,0,0,0,0,0,0,0,0,0,0,0,0,7
254,?????구 ?턴B,DISU399B,0,0,0,0,0,0,0,0,0,0,0,0,0,5,0,0,0,0,5
255,?????구 ?턴C,DISU399C,0,0,0,0,0,0,0,0,0,0,0,0,0,10,0,0,0,0,10
256,?????구 ?턴D,DISU399D,0,0,0,0,0,0,0,0,0,0,0,0,0,8,0,0,0,0,8
257,???어?론,EECE423,4,9,11,5,5,1,1,0,1,0,0,0,0,3,0,0,0,0,40
258,?로?론,EECE231,39,39,27,30,9,4,10,0,0,0,0,0,5,1,0,0,9,0,164
259,객체지?프로그?밍,CSED232,24,40,48,51,36,3,11,4,0,0,0,0,3,0,0,0,49,0,220
260,과제?구I,CSED499I,8,6,26,19,15,11,8,0,1,0,2,0,4,0,0,0,5,0,100
261,과제?구II,CSED499II,6,9,13,15,11,4,3,2,1,0,1,0,3,0,0,0,1,0,68
262,?이?베이?시?템,CSED421,6,5,5,3,2,3,0,0,0,0,0,0,1,0,0,0,4,0,25
263,?이?구?CSED233,16,31,30,31,32,16,11,4,0,0,0,0,5,0,0,0,36,0,176,
264,???시?템?계,CSED273,14,21,24,34,23,15,3,1,0,0,0,0,0,0,0,0,11,0,135
265,블록체인 ??호?폐,CSED403,11,6,4,2,2,4,1,0,0,0,0,0,0,0,0,0,0,0,30
266,?프?웨??검?CSED420,4,2,0,0,0,0,0,0,0,0,0,0,0,0,0,0,0,0,6,
267,?고리즘,CSED331,15,18,27,20,17,8,8,1,2,0,0,0,2,5,0,0,19,0,123
268,?구참여A,CSED399A,0,0,0,0,0,0,0,0,0,0,0,0,0,20,3,0,0,0,23
269,?구참여B,CSED399B,0,0,0,0,0,0,0,0,0,0,0,0,0,13,1,0,1,0,14
270,?구참여C,CSED399C,0,0,0,0,0,0,0,0,0,0,0,0,0,6,0,0,0,0,6
271,?구참여D,CSED399D,0,0,0,0,0,0,0,0,0,0,0,0,0,5,0,0,0,0,5
272,?토마?및형?언??CSED341,11,18,24,17,13,6,7,3,2,0,0,0,0,0,0,0,16,0,101,
273,?공지??CSED342,10,33,29,42,24,8,1,1,1,0,1,1,9,0,0,0,25,0,160,
274,?산?학,CSED261,12,40,62,41,12,1,3,0,2,0,0,0,5,0,0,0,9,0,178
275,컴파?러?계,CSED423,5,5,1,4,3,1,0,0,0,0,0,0,2,0,0,0,2,0,21
276,컴퓨?공?특?기계?습???한 최적??CSED490Y,2,6,2,3,5,0,0,0,0,0,1,0,0,2,2,0,1,0,23,
277,컴퓨?공?특?기계?습??최신?렌??거?모델 관??CSED490X,2,7,9,8,6,0,0,0,0,0,0,0,0,0,0,0,6,0,32,
278,컴퓨?구?CSED311,16,23,32,50,10,12,0,1,0,0,0,0,5,0,0,0,6,0,149,
279,컴퓨?그?픽??CSED451,7,7,3,8,2,2,5,1,0,0,0,0,0,2,0,0,5,0,37,
280,컴퓨?네?워??CSED353,4,11,16,7,7,7,4,2,2,1,0,1,0,0,0,0,11,0,62,
281,컴퓨?보??CSED415,3,7,1,5,1,1,0,0,0,0,0,0,0,4,0,0,0,0,22,
282,컴퓨???회,CSED401,4,4,3,0,0,0,0,0,0,0,0,0,0,0,0,0,0,0,11
283,?로그래밍과문제?결,CSED101,55,82,104,106,80,15,11,3,0,2,0,0,2,0,0,0,6,0,460
284,?로그래밍언??CSED321,4,14,2,7,5,7,5,6,4,0,3,0,0,0,0,0,9,0,57,
285,고분?구조및물성,CHEB465,0,7,7,0,0,0,0,0,0,0,0,0,0,0,0,0,0,0,14
286,?노공학개론,CHEB463,32,25,7,0,0,0,1,0,0,0,0,0,0,12,0,0,0,0,77
287,?문?구I,CHEB425,48,27,0,0,0,0,0,0,0,0,0,0,0,0,0,0,1,0,75
288,반응공학,CHEB305,5,13,15,26,5,2,0,1,0,0,0,0,0,0,0,0,3,0,67
289,?내기연구참??CHEB199,0,0,0,0,0,0,0,0,0,0,0,0,0,80,6,0,0,0,86,
290,?물공학개론,CHEB308,7,6,7,6,0,0,0,0,1,0,0,0,0,1,0,0,0,0,28
291,?너지?경공학,CHEB214,8,12,9,14,10,4,0,0,0,0,0,0,0,0,0,0,5,0,57
292,?구참여A,CHEB399A,0,0,0,0,0,0,0,0,0,0,0,0,0,10,0,0,1,0,10
293,?구참여B,CHEB399B,0,0,0,0,0,0,0,0,0,0,0,0,0,25,0,0,0,0,25
294,?구참여C,CHEB399C,0,0,0,0,0,0,0,0,0,0,0,0,0,7,0,0,0,0,7
295,?료?학공학,CHEB360,16,11,4,0,2,1,0,0,0,0,0,0,0,11,0,0,1,0,45
296,?달?상I,CHEB417,10,13,14,15,9,5,1,0,0,0,0,0,0,3,0,0,3,0,70
297,?공물리?학I,CHEB201,4,16,27,14,10,6,1,0,0,0,0,0,0,0,0,0,6,0,78
298,?공물리?학II,CHEB202,12,10,12,10,5,3,5,2,1,0,0,1,0,0,0,0,1,0,61
299,?공???I,CHEB471,0,0,0,0,0,0,0,0,0,0,0,0,0,34,0,0,0,0,34
300,?공?학,CHEB303,2,1,1,0,0,0,0,0,0,0,0,0,0,0,0,0,0,0,4
301,?공?스?특??스???화??CHEB469A,3,3,2,0,0,0,0,0,0,0,0,0,0,7,0,0,4,0,15,
302,?공?기?학I,CHEB206,3,3,1,2,1,0,0,0,0,0,0,0,0,0,0,0,0,0,10
303,?학?명공학,CHEB208,12,11,17,23,22,15,2,1,1,0,0,0,0,0,0,0,6,0,104
304,?학?명공학?험,CHEB213,11,9,12,18,6,3,1,0,1,0,0,0,0,0,0,0,3,0,61
305,고급?학?험,CHEM497,0,12,0,0,0,0,0,0,0,0,0,0,0,0,0,0,0,0,12
306,무기?학,CHEM331,5,9,8,7,8,4,1,0,1,0,0,0,1,0,0,0,4,0,44
307,물리?학II,CHEM311,5,9,8,10,6,3,1,0,0,0,0,0,0,0,0,0,2,0,42
308,분석?학?험,CHEM245,2,10,12,9,2,0,0,0,0,0,0,0,0,0,0,0,0,0,35
309,?내기연구참??CHEM199,0,0,0,0,0,0,0,0,0,0,0,0,0,23,3,0,0,0,26,
310,?사?문?구,CHEM69909,0,0,0,0,0,0,0,0,0,0,0,0,0,60,0,0,0,0,60
311,?구참여A,CHEM399A,0,0,0,0,0,0,0,0,0,0,0,0,0,9,0,0,0,0,9
312,?구참여B,CHEM399B,0,0,0,0,0,0,0,0,0,0,0,0,0,14,0,0,0,0,14
313,?구참여C,CHEM399C,0,0,0,0,0,0,0,0,0,0,0,0,0,5,1,0,0,0,6
314,?기?학I,CHEM221,17,26,25,30,23,8,10,3,2,0,2,0,1,0,1,0,5,0,148
315,?반?학I,CHEM101,49,64,79,74,63,29,19,15,9,3,0,0,2,0,0,0,4,0,406
316,?반?학II,CHEM103,4,3,4,3,2,1,0,0,0,0,0,0,0,0,0,0,0,0,17
317,?반?학?험I,CHEM102,1,0,1,1,2,1,0,0,0,0,0,0,0,453,13,0,0,0,472
318,?반?학?험II,CHEM104,0,1,2,3,0,0,0,0,0,0,0,0,0,111,14,0,2,0,131
319,?사?문?구,CHEM499,0,19,0,1,0,0,0,0,0,0,0,0,0,0,0,0,0,0,20
320,?성?험,CHEM321,1,0,2,1,0,0,0,0,0,0,0,0,0,0,0,0,0,0,4
321,?성?험,CHEM325,5,13,9,9,4,0,0,0,0,0,0,0,0,0,0,0,0,0,40
322,?학분석,CHEM243,5,11,7,8,6,6,3,2,0,0,0,0,0,2,0,0,2,0,50
323,?학?학,CHEM213,2,4,3,2,1,1,1,0,0,0,0,0,0,0,0,0,1,0,14
324,???시?템및마?크로프로세?설계입문과?험,CITE221,2,0,0,0,2,0,0,0,1,0,0,0,0,0,0,0,0,0,5
325,?명감성 & ?랜?휴??튜?오,CITE303,17,4,2,1,0,0,0,0,0,0,0,0,0,0,0,0,0,0,24
326,?구참여B,CITE399B,0,0,0,0,0,0,0,0,0,0,0,0,0,1,0,0,0,0,1
327,?구참여C,CITE399C,0,0,0,0,0,0,0,0,0,0,0,0,0,1,0,0,0,0,1
328,?구참여D,CITE399D,0,0,0,0,0,0,0,0,0,0,0,0,0,1,0,0,0,0,1
329,창의IT종합?계I:기초?론,CITE201,2,2,8,5,3,4,0,0,0,0,0,0,0,0,0,0,0,0,24
330,?회봉사?동?계,ICEC101,0,0,0,0,0,0,0,0,0,0,0,0,0,6,0,0,0,0,6
331,?스?키???동 ?계,ABCM101E,0,0,0,0,0,0,0,0,0,0,0,0,0,5,0,0,0,0,5
332,공기??,MECH471,2,3,0,0,0,0,0,0,0,0,0,0,0,0,0,0,0,0,5
333,?구참여C,MECH399C,1,3,1,0,0,0,0,0,0,0,0,0,0,0,0,0,0,0,5
334,고체물리,PHYS401,1,2,7,0,0,0,1,0,0,0,0,0,0,1,1,0,2,0,13
335,물리?연구II,PHYS432,0,0,0,0,0,0,0,0,0,0,0,0,0,7,0,0,0,0,7
336,?구참여B,PHYS399B,0,0,0,0,0,0,0,0,0,0,0,0,0,3,0,0,0,0,3
337,?구참여D,PHYS399D,0,0,0,0,0,0,0,0,0,0,0,0,0,2,1,0,0,0,3
338,?및?자물리,PHYS403,2,5,3,0,1,0,0,0,0,0,0,0,0,0,0,0,0,0,11
339,비즈?스 ?널리틱??IMEN473,2,8,2,0,1,0,1,2,0,0,0,0,0,7,0,0,0,0,23,
340,?구참여D,IMEN399D,0,0,0,0,0,0,0,0,0,0,0,0,0,1,0,0,0,0,1
341,분자?물?및?화?실??LIFE318,0,0,1,0,0,0,0,0,0,0,0,0,0,0,0,0,0,0,1,
342,???물??LIFE415,1,0,2,0,0,0,0,0,0,0,0,0,0,1,0,0,0,0,4,
343,군표?론?문,MATH403,4,4,0,1,1,0,0,0,0,0,1,0,0,0,0,0,0,0,11
344,?공지?수??MATH442,3,9,10,4,5,1,1,0,0,0,0,0,0,12,0,0,0,0,45,
345,조합개론,MATH461,2,2,5,0,0,0,0,0,0,0,0,0,0,0,0,0,2,0,9
346,??분방?식개론,MATH313,2,0,0,0,0,0,0,0,0,0,0,0,0,0,0,0,0,0,2
347,고분?소?개?AMSE361,4,2,3,6,2,0,0,0,0,0,0,0,0,1,0,0,0,0,18,
348,광소??AMSE452,2,3,2,2,0,0,0,0,0,0,0,0,0,0,0,0,0,0,9,
349,금속공학?험,AMSE423,5,5,1,0,0,0,0,0,0,0,0,0,0,0,0,0,0,0,11
350,WI-경영?원?WISOSC324,0,0,0,0,0,0,0,0,0,0,0,0,0,28,2,0,0,0,30,
351,WI-미국??WIHUMN434,0,0,0,0,0,0,0,0,0,0,0,0,0,15,1,0,0,0,16,
352,WI-미디?? ?회,WISOSC351,0,0,0,0,0,0,0,0,0,0,0,0,0,10,1,0,3,0,11
353,WI-?계문명?의 ?환??WICMCC302,0,0,0,0,0,0,0,0,0,0,0,0,0,15,1,0,0,0,16,
354,WI-?계??주의? ?사???상??WICMCC301,0,0,0,0,0,0,0,0,0,0,0,0,0,8,0,0,1,0,8,
355,WI-?합문명기본?강: ?머??회?슈? ?이??분석,WICMCC399,0,0,0,0,0,0,0,0,0,0,0,0,0,7,2,0,0,0,9
356,WI-?공지?과 ?WICMCC413,0,0,0,0,0,0,0,0,0,0,0,0,0,14,2,0,0,0,16,
357,WI-?치경제??WICMEF410,0,0,0,0,0,0,0,0,0,0,0,0,0,11,3,0,1,0,14,
358,WI-철학?상?쟁,WIHUMN323,0,0,0,0,0,0,0,0,0,0,0,0,0,14,0,0,0,0,14
359,WI-???회?이??WISOSC331,0,0,0,0,0,0,0,0,0,0,0,0,0,13,1,0,0,0,14,
360,WI-???술?이??WIARTS311,0,0,0,0,0,0,0,0,0,0,0,0,0,29,2,0,1,0,31,
361,경영?원?SOSC324,7,10,14,7,8,1,0,1,0,0,0,0,0,0,0,0,1,0,48,
362,문화콜로??,GEDU180,0,0,0,0,0,0,0,0,0,0,0,0,0,48,8,0,1,0,56
363,문화콜로??,GEDU180A,0,0,0,0,0,0,0,0,0,0,0,0,0,24,0,0,0,0,24
364,미국??HUMN434,22,9,3,4,5,1,1,1,3,1,0,0,1,0,0,0,1,0,51,
365,미디?? ?회,SOSC351,2,4,4,2,2,1,0,0,0,1,0,0,0,0,0,0,3,0,16
366,?계문학?책,HUMN314,9,7,13,6,8,2,1,0,0,1,0,1,0,0,0,0,3,0,48
367,?계??주의? ?사???상??CMCC301,1,4,6,6,0,1,0,0,1,0,0,0,0,0,0,0,1,0,19,
368,?합문명기본?강: ?머??회?슈? ?이??분석,CMCC399,2,2,11,5,0,0,0,0,0,0,0,0,0,0,0,0,0,0,20
369,?악?이??ARTS313,5,10,15,15,4,4,4,0,0,0,0,0,0,0,0,0,0,0,57,
370,?치경제??CMEF410,2,6,4,5,5,0,1,0,0,0,0,0,0,0,0,0,1,0,23,
371,조직?동?SOSC326,2,2,4,1,0,0,0,0,0,0,0,0,0,0,0,0,0,0,9,
372,철학?상?쟁,HUMN323,7,2,5,9,0,0,0,0,0,0,0,0,0,0,0,0,1,0,23
373,?제간통?교?교?특???문명??경기술,INGE101,2,2,1,0,0,0,0,0,0,0,0,0,0,0,0,0,0,0,5
374,?국근현??의?해,HUMN431,0,5,7,7,0,0,0,0,0,0,0,0,0,0,0,0,3,0,19
375,?동·?험경제??CMEF414,3,4,5,2,2,1,0,1,0,0,0,0,0,0,0,0,4,0,18,
376,???회?이??SOSC331,6,3,5,3,8,0,0,0,0,0,0,0,0,0,0,0,0,0,25,
377,???신?처?EECE451,3,4,4,7,3,2,0,0,1,0,0,0,0,1,0,0,0,0,25,
378,?기?장?습,EECE495,0,0,0,0,0,0,0,0,0,0,0,0,0,1,0,0,0,0,1
379,?자공학?강I(로봇공학개론),EECE490I,2,3,13,2,2,0,0,0,0,0,0,0,0,1,0,0,0,0,23
380,?자?로3B:RF/?날로그 ?로,EECE414,2,0,3,1,1,0,0,0,0,0,0,0,0,0,0,0,0,0,7
381,컴퓨?공?특?모바????비쿼터??컴퓨??개론,CSED490D,1,3,2,0,0,0,0,0,0,0,0,0,0,2,0,0,0,0,8
382,공정?어,CHEB401,1,1,2,1,0,0,0,0,0,0,0,0,0,2,0,0,2,0,7
383,?문?구II,CHEB426,9,4,2,0,0,0,0,0,0,0,0,0,0,0,0,0,0,0,15
384,?공계측?험,CHEB312,0,2,0,0,0,0,0,0,0,0,0,0,0,0,0,0,0,0,2
385,?공?스?특? ?마???성?료 공학,CHEB469G,4,6,4,0,0,1,0,0,0,0,0,0,0,1,0,0,0,0,16
386,?공?료분석,CHEB410,1,0,0,1,0,0,0,0,0,0,0,0,0,1,0,0,0,0,3
387,?약?명?학,CHEM261,1,1,1,2,0,0,0,0,0,0,0,0,0,0,0,0,0,0,5
388,가치디?인?튜?오,CITE103,0,0,0,0,0,0,0,0,0,0,0,0,0,28,1,0,0,0,29
389,?내기연구참??CITE199,0,0,0,0,0,0,0,0,0,0,0,0,0,10,0,0,0,0,10,
390,?체?스????호처리,CITE490J,2,0,0,0,0,0,0,0,0,0,0,0,0,0,0,0,0,0,2
391,창의?기???신 ?용,CITE411,1,0,0,0,0,0,0,0,0,0,0,0,0,0,0,0,0,0,1
392,고체??II,MECH245,0,0,0,2,0,0,0,0,0,0,0,0,0,0,0,0,0,0,2
393,기계공학 ?치?석 개론,MECH305,1,2,4,0,1,0,0,0,0,0,0,0,0,0,0,0,0,0,8
394,기계공학개론I,MECH101,1,1,0,0,1,0,0,0,0,0,0,0,0,0,0,0,0,0,3
395,?역??MECH211,3,3,6,6,3,4,1,2,1,0,0,0,1,0,1,0,0,0,31,
396,?내기연구참??MECH199,0,0,0,0,0,0,0,0,0,0,0,0,0,13,0,0,0,0,13,
397,?서및측??MECH280,1,1,1,0,1,0,0,0,0,0,0,0,0,0,0,0,0,0,4,
398,?스?제??MECH323,3,3,9,4,0,0,3,2,0,0,0,0,1,1,0,0,2,0,26,
399,?너지?스??MECH451,0,2,1,1,2,0,0,0,0,0,0,0,0,0,0,0,0,0,6,
400,?전??MECH371,3,4,1,1,0,3,1,2,1,0,0,2,0,0,0,0,0,0,18,
401,?용고체??,MECH340,2,1,0,1,0,0,0,0,0,0,0,0,0,0,0,0,0,0,4
402,?용?체??,MECH470,1,2,1,1,1,0,2,0,0,0,0,0,0,0,0,0,0,0,8
403,창의?계공학,MECH465,10,2,3,7,1,1,0,0,0,0,0,0,0,0,0,0,0,0,24
404,?과?문(기계공학),MECH100,0,0,0,0,0,0,0,0,0,0,0,0,0,12,0,0,0,0,12
405,?먼-로봇 ?터?이??MECH438,2,3,3,3,1,0,1,0,0,0,0,0,0,0,0,0,0,0,13,
406,??생?과 미래?계II,MSUS103,0,0,0,0,0,0,0,0,0,0,0,0,0,298,1,0,0,0,299
407,물리계측?험,PHYS231,1,0,0,0,1,0,0,0,0,0,0,0,0,0,0,0,0,0,2
408,물리?험I,PHYS250,3,10,2,4,3,1,0,0,0,0,0,0,0,0,0,0,0,0,23
409,물리?연구의?향,PHYS460,0,0,0,0,0,0,0,0,0,0,0,0,0,12,0,0,0,0,12
410,물성물리?강(?용광학),PHYS420,2,5,0,2,1,0,0,0,0,0,0,0,0,1,0,0,0,0,11
411,?리물리,PHYS209,4,4,7,4,0,3,1,1,0,0,0,0,0,0,0,0,3,0,24
412,?자물리II,PHYS302,4,2,0,2,2,0,0,0,0,0,0,0,0,0,0,0,2,0,10
413,?물?PHYS304,7,2,5,0,0,3,0,1,1,0,0,0,0,0,0,0,0,0,19,
414,?반물리II,PHYS102,31,46,60,84,28,30,17,7,5,3,2,0,0,0,0,0,32,0,313
415,?반물리?험II: ?계? ?작,PHYS104,0,3,1,1,0,2,0,0,0,0,0,0,0,4,1,0,0,0,12
416,?반물리?습II,PHYS111,0,0,0,0,0,0,0,0,0,0,0,0,0,28,11,0,2,0,39
417,?산물리,PHYS312,5,3,2,1,0,0,0,0,0,0,0,0,0,0,0,0,0,0,11
418,?자기학I,PHYS206,6,6,4,5,2,2,0,1,3,0,0,0,0,0,0,0,2,0,29
419,?과?문(물리),PHYS100,0,0,0,0,0,0,0,0,0,0,0,0,0,18,2,0,0,0,20
420,경영과학II,IMEN266,4,3,5,6,5,4,2,0,1,1,0,0,0,0,0,0,0,0,31
421,공급망??IMEN422,1,1,6,1,2,0,0,0,0,0,0,0,0,0,0,0,0,0,11,
422,금융공학개론,IMEN387,4,2,5,3,1,1,1,1,1,0,0,0,0,0,0,0,2,0,19
423,기술경영및전??IMEN301,29,3,2,0,0,0,0,0,0,0,0,0,0,0,0,0,0,0,34,
424,기업가?신?강:린스??업과고객발?ENTP493F,14,2,0,0,0,0,0,0,0,0,0,0,0,0,0,0,0,0,16,
425,기업가?신?강:?허?도? ?략,ENTP493I,2,2,2,0,0,0,0,0,0,0,0,0,0,1,0,0,0,0,7
426,마???IMEN303,3,4,0,0,0,0,0,0,0,0,0,0,0,0,0,0,0,0,7,
427,미래기술과혁???시?미래?삶,IMEN400C,2,1,1,0,0,0,0,0,0,0,0,0,0,1,0,0,0,0,5
428,복잡?IMEN474,3,4,6,3,0,0,0,0,0,0,0,0,0,1,0,0,0,0,17,
429,?업경영공학???해,IMEN200,5,12,6,3,0,0,1,0,0,0,0,0,0,0,0,0,0,0,27
430,?내기연구참??IMEN199,0,0,0,0,0,0,0,0,0,0,0,0,0,6,0,0,0,0,6,
431,?리계획,IMEN361,1,2,0,0,0,0,0,0,0,0,0,0,0,0,0,2,0,0,3
432,?험계획개론,IMEN242,2,2,2,6,4,2,3,0,0,0,0,0,0,0,0,0,4,0,21
433,?보?스?기??IMEN281,8,7,3,6,4,1,1,1,0,0,1,1,0,0,0,0,1,0,33,
434,?질경영,IMEN371,1,6,1,6,1,1,0,0,0,0,0,0,0,0,0,0,0,0,16
435,?과?문(?업경영공학),IMEN100,0,0,0,0,0,0,0,0,0,0,0,0,0,36,5,0,0,0,41
436,Independent Research Program C,LIFE412C,0,0,0,0,0,0,0,0,0,0,0,0,0,1,0,0,0,0,1
437,면역??LIFE420,1,2,1,2,1,0,0,0,0,0,0,0,0,2,0,0,0,0,9,
438,미생물학,LIFE303,4,0,0,0,2,1,0,2,0,0,0,0,0,0,0,0,2,0,9
439,분자?물??LIFE321,3,3,6,3,2,3,0,1,0,0,0,0,0,0,0,0,1,0,21,
440,?리??LIFE216,2,4,2,1,2,0,0,0,0,0,0,0,0,0,0,0,3,0,11,
441,?명과학?험?리론및?습,LIFE209,1,2,11,4,1,0,0,0,0,0,0,0,0,0,0,0,0,0,19
442,?태????외?습,LIFE323,0,0,1,0,0,0,0,0,0,0,0,0,0,0,0,0,0,0,1
443,?포?물??LIFE217,3,4,6,4,6,3,0,0,0,0,0,0,0,0,0,0,5,0,26,
444,줄기?포? ???이?의 ?해? ?용,LIFE327,3,2,2,0,0,0,0,0,0,0,0,0,0,0,0,0,0,0,7
445,미분기하개론,MATH426,1,3,3,4,1,0,0,2,0,0,1,0,0,0,0,0,3,0,15
446,미적분학,MATH103,0,1,0,2,0,0,0,0,1,0,0,0,0,0,0,0,0,0,4
447,미적분학II,MATH102,9,39,41,54,41,38,25,20,10,2,5,0,2,0,0,0,20,0,286
448,보험?학개론,MATH434,0,1,1,0,0,0,0,0,0,0,0,0,0,0,0,0,1,0,2
449,?내기연구참??MATH199,0,0,0,0,0,0,0,0,0,0,0,0,0,11,0,0,0,0,11,
450,?형??학,MATH400,3,0,1,0,0,0,1,0,0,0,0,0,0,3,0,0,0,0,8
451,?산?학,MATH261,23,3,4,5,2,0,0,1,0,0,0,0,0,0,0,0,7,0,38
452,?반?상?학,MATH321,2,7,7,3,2,2,4,0,0,0,0,0,0,0,0,0,5,0,27
453,?강III:?리?이?사?언??MATH439,17,1,2,0,0,0,0,1,0,0,0,0,0,0,0,0,1,0,21,
454,?강III(계산?형??? ?용),MATH409,7,3,0,2,1,0,0,0,0,0,0,0,0,6,1,0,1,0,20
455,?과?문(?학),MATH100,0,0,0,0,0,0,0,0,0,0,0,0,0,23,0,0,0,0,23
456,?석?II,MATH312,2,2,3,5,1,1,0,0,0,0,0,0,0,1,0,0,1,0,15
457,?석?수?MATH410,1,0,1,1,0,0,0,1,0,0,0,0,0,0,0,0,0,0,4,
458,??기하??MATH428,2,0,1,1,0,0,0,0,0,0,0,0,0,0,0,0,3,0,4,
459,????학 I,MATH301,3,3,10,10,4,4,0,0,0,0,0,0,0,0,0,0,4,0,34
460,바이?의료소??AMSE416,2,1,1,1,0,0,0,0,0,0,0,0,0,1,0,0,0,0,6,
461,반도??자? ?용,AMSE484,2,2,1,0,0,0,0,0,0,0,0,0,0,0,0,0,0,0,5
462,?라믹설계??험,AMSE344,2,4,3,2,1,0,0,0,0,0,0,0,0,0,0,0,0,0,12
463,?재 ?역??AMSE205,0,3,4,6,3,2,0,1,0,0,0,0,0,0,0,0,0,0,19,
464,?재분석기기,AMSE407,1,3,8,10,3,0,0,0,0,0,0,0,0,1,0,0,0,0,26
465,?재?치?석,AMSE318,2,3,0,0,0,0,0,0,0,0,0,0,0,1,0,1,0,0,6
466,?재?학,AMSE207,5,5,4,3,2,0,1,0,0,1,0,0,0,0,0,0,0,0,21
467,?소?공?실??AMSE301,2,3,2,1,0,1,1,0,0,0,0,0,0,0,0,0,0,0,10,
468,?자 ?라믹스,AMSE441,0,1,1,0,0,0,0,0,0,0,0,0,0,4,0,0,0,0,6
469,?자?재 개론,AMSE388,1,2,3,1,0,1,0,0,0,0,0,0,0,0,0,0,0,0,8
470,?자?재?험,AMSE483,3,3,2,0,1,0,0,0,0,0,0,0,0,0,0,0,0,0,9
471,?과?문(?소??,AMSE100,0,0,0,0,0,0,0,0,0,0,0,0,0,37,2,0,0,0,39
472,?공지?기초II,AIGS102,0,0,0,0,0,0,0,0,0,0,0,0,0,290,8,0,0,0,298
473,"WI-경제?특?미래 기업??진화모델, 기업??",WICMEF499,0,0,0,0,0,0,0,0,0,0,0,0,0,4,1,0,1,0,5
474,WI-과학기술??WICMST304,0,0,0,0,0,0,0,0,0,0,0,0,0,15,0,0,0,0,15,
475,WI-과학철학,WICMST303,0,0,0,0,0,0,0,0,0,0,0,0,0,17,0,0,5,0,17
476,WI-과학커????션,WICMST402,0,0,0,0,0,0,0,0,0,0,0,0,0,19,1,0,0,0,20
477,WI-?중문?의?해,WIHUMN312,0,0,0,0,0,0,0,0,0,0,0,0,0,20,1,0,0,0,21
478,WI-?득???략??도 변??WISOSC451,0,0,0,0,0,0,0,0,0,0,0,0,0,15,3,0,0,0,18,
479,WI-??지??기원?비주??리터?시,WICMCC304,0,0,0,0,0,0,0,0,0,0,0,0,0,13,2,0,1,0,15
480,WI-?류?의 ?해,WISOSC432,0,0,0,0,0,0,0,0,0,0,0,0,0,16,3,0,2,0,19
481,WI-???회?과학,WICMST306,0,0,0,0,0,0,0,0,0,0,0,0,0,19,0,0,0,0,19
482,과학??술,CMST405,5,4,3,5,4,2,0,0,0,0,0,0,0,0,0,0,0,0,23
483,과학기술?책,CMST401,2,6,8,5,3,1,0,0,0,0,0,0,0,0,0,0,1,0,25
484,과학기술??CMST304,1,6,14,10,1,0,0,0,0,0,0,0,0,0,0,0,0,0,32,
485,과학철학,CMST303,1,6,9,4,1,0,0,1,0,0,0,0,0,0,0,0,6,0,22
486,과학커????션,CMST402,1,10,8,8,1,1,0,0,0,0,1,0,0,0,0,0,0,0,30
487,?리?비판?사?CMST301,3,4,3,1,7,1,1,1,0,0,0,0,2,0,0,1,1,0,23,
488,?중문?의?해,HUMN312,5,7,8,4,1,2,2,1,0,0,0,0,0,0,0,0,1,0,30
489,?득???략??도 변??SOSC451,2,10,5,4,3,2,0,0,1,0,0,0,0,0,0,0,1,0,27,
490,?술과사??ARTS411,4,5,4,4,1,3,0,1,0,0,0,0,0,0,0,1,2,0,22,
491,??지??기원?비주??리터?시,CMCC304,3,5,7,5,5,0,1,0,0,0,0,0,0,0,0,0,2,0,26
492,?무관?CMEF305,6,3,5,7,6,3,0,0,0,0,0,0,0,0,0,0,0,0,30,
493,?략경영,SOSC327,3,4,2,2,1,0,0,0,0,0,0,0,0,0,0,0,0,0,12
494,지?재?권???해,SOSC461,1,4,14,4,4,1,0,0,0,0,0,0,1,0,0,0,0,0,29
495,???회?과학,CMST306,3,7,6,5,4,2,0,0,0,0,0,0,0,0,0,0,0,0,27
496,교류?력변??EECE425,2,2,2,2,1,0,0,0,0,0,0,0,0,1,0,0,0,0,10,
497,기초?로?험,EECE281,0,0,0,0,0,0,0,0,0,1,0,0,0,0,0,0,1,0,1
498,?스?레?공??,EECE411,6,14,5,2,0,0,0,0,0,0,0,0,0,4,0,0,0,0,31
499,???시?템?계,EECE274,7,14,13,10,7,5,4,2,3,0,0,1,0,0,0,0,4,0,66
500,물리?자,EECE303,7,4,4,0,0,0,0,0,0,0,0,0,1,0,0,0,0,0,16
501,반도체공?실??DISU301,0,1,8,2,5,1,2,2,1,0,0,0,0,0,0,0,4,0,22,
502,?내기연구참??EECE199,0,0,0,0,0,0,0,0,0,0,0,0,0,24,2,0,1,0,26,
503,?동?어공학개론,EECE320,4,1,5,6,5,5,2,0,0,0,0,0,0,0,0,0,2,0,28
504,?동?어공학개론,EECE322,1,2,1,1,2,1,1,1,0,0,0,0,1,0,0,0,0,0,11
505,?자공학????EECE392,0,0,0,0,0,0,0,0,0,0,0,0,0,59,0,0,0,0,59,
506,?자공학?강E(반도체공??,EECE490E,0,2,0,0,0,1,0,0,0,0,0,0,0,0,0,0,0,0,3
507,?자공학?강N(최신 FinFET 공정 ??성 ?해),EECE490N,4,3,2,0,0,0,0,0,0,0,0,0,0,3,0,0,0,0,12
508,?자공학?강P(?보?론 ??용),EECE490P,2,3,3,2,2,1,0,0,0,0,0,0,0,1,0,0,0,0,14
509,?자공학?강U(?각 지??,EECE490U,3,5,2,2,2,0,0,0,0,0,0,0,0,3,0,0,0,0,17
510,?자기학개론,EECE261,24,2,4,9,6,3,4,3,1,4,2,1,1,0,0,0,0,0,64
511,?자?기공학개론,DISU101,0,0,0,0,0,0,0,0,0,0,0,0,0,59,2,0,0,0,61
512,?자?기공학?험3,EECE376,8,2,0,0,0,0,0,0,0,0,0,0,0,0,0,0,0,0,10
513,?자?기공학?험I,EECE276,20,14,7,7,0,0,2,1,0,1,0,0,2,0,0,0,3,0,54
514,?자?로3A:고속 ?????자?로,EECE413,6,1,2,0,0,0,0,0,0,0,0,0,0,3,0,0,0,0,12
515,?자?로II,EECE335,0,0,0,0,0,0,0,0,0,0,1,0,0,0,0,0,0,0,1
516,?자?로II,EECE336,2,2,3,1,2,0,0,0,0,0,0,0,0,0,0,0,0,0,10
517,?보?신공학개론,EECE341,4,4,2,7,2,2,0,0,0,0,0,0,0,0,0,0,0,0,21
518,컴퓨?설?EECE375,1,3,5,1,0,0,0,0,0,0,0,0,0,0,0,0,0,0,10,
519,?과?문(?자?기공학),EECE100,0,0,0,0,0,0,0,0,0,0,0,0,0,2,0,0,0,0,2
520,?????구 ?턴A,DISU399A,0,0,0,0,0,0,0,0,0,0,0,0,0,5,1,0,0,0,6
521,고급 ?로그래?CSED434,3,1,1,2,1,0,0,0,0,0,1,0,0,0,1,0,1,0,10,
522,?내기연구참??CSED199,0,0,0,0,0,0,0,0,0,0,0,0,0,33,2,0,1,0,35,
523,?프?웨?설계방?CSED332,3,12,3,2,4,2,0,0,1,0,1,0,1,0,0,0,11,0,29,
524,?영체제,CSED312,3,13,15,28,13,7,0,1,1,0,0,0,0,0,0,0,2,0,81
525,?간-컴퓨?상?작??CSED402,5,4,8,4,2,1,0,0,0,1,0,0,1,0,0,0,0,0,26,
526,?베?드?스?프로그?밍,CSED425,1,2,7,1,0,0,0,0,0,0,0,0,0,1,0,0,0,0,12
527,?산?리,CSED433,0,2,0,1,1,0,0,0,0,0,0,0,0,0,0,0,0,0,4
528,컴퓨??SW?스??개론,CSED211,3,7,11,11,17,12,2,2,1,3,0,0,1,0,0,0,2,0,70
529,컴퓨?공?도??한 ?기계발,CSED291,8,30,9,1,3,0,0,0,0,0,0,0,1,0,0,0,4,0,52
530,컴퓨?공?소?CSED290,0,0,0,0,0,0,0,0,0,0,0,0,0,6,0,0,0,0,6,
531,컴퓨?공?특??호처리,CSED490F,4,2,1,0,1,1,0,0,0,0,0,0,0,16,0,0,1,0,25
532,컴퓨?공?특??고리즘 ?문제?결 ?습,CSED490E,6,2,0,2,0,0,0,0,0,0,0,0,0,1,0,0,1,0,11
533,컴퓨?공?특?컴퓨?공?????공 ?개,CSED490G,5,22,5,0,0,0,0,0,0,0,0,0,0,0,0,0,1,0,32
534,?강:기계?습 개론,CSED490B,4,9,6,7,5,3,0,0,0,0,0,0,0,7,1,0,3,0,42
535,?과?문(컴공),CSED100,0,0,0,0,0,0,0,0,0,0,0,0,0,62,1,0,1,0,63
536,공정?계,CHEB402,1,3,3,1,0,0,0,0,0,0,0,0,0,3,0,0,0,0,11
537,물리?학?험,CHEB212,3,10,12,3,1,1,0,0,0,0,0,0,0,0,0,0,0,0,30
538,?구참여D,CHEB399D,0,0,0,0,0,0,0,0,0,0,0,0,0,4,0,0,0,0,4
539,?기?학?험,CHEB211,2,9,4,5,7,1,3,1,0,1,0,0,0,0,0,0,0,0,33
540,?달?상II,CHEB418,2,1,1,2,1,2,0,0,0,0,0,0,0,3,0,0,0,0,12
541,촉매공학,CHEB306,2,5,3,3,2,0,0,0,0,0,0,0,0,0,0,0,0,0,15
542,?과?문(?공),CHEB100,0,0,0,0,0,0,0,0,0,0,0,0,0,10,2,0,0,0,12
543,?성?물?개?CHEB409,2,4,1,0,2,0,0,0,0,0,0,0,0,1,0,0,0,0,10,
544,?공 AI,CHEB301,13,5,5,2,0,1,0,0,0,0,0,0,0,0,0,0,0,0,26
545,?공?스?특?바이?엔지?어??문,CHEB469D,2,4,7,1,0,1,0,0,0,0,0,0,0,0,0,0,0,0,15
546,?공?스?특?분자 ??면 공학 개론,CHEB469N,6,8,5,5,0,0,0,1,0,0,0,0,0,3,0,0,0,0,28
547,?공?스?특?진로?색 ????CHEB469H,0,0,0,0,0,0,0,0,0,0,0,0,0,8,0,0,0,0,8,
548,?공?스?특??공?자?재개론,CHEB469K,4,4,3,2,0,0,0,0,0,0,0,0,0,6,0,0,1,0,19
549,?공?기?학II,CHEB207,3,4,11,3,3,5,1,0,0,0,0,0,0,0,0,0,0,0,30
550,고분?화??CHEM451,4,7,6,3,0,0,0,0,0,0,0,0,0,0,0,0,0,0,20,
551,기기분석,CHEM342,3,3,2,1,0,0,0,0,0,0,0,0,0,0,0,0,0,0,9
552,물리?학I,CHEM211,7,6,6,1,2,2,0,3,0,0,1,0,0,0,0,0,0,0,28
553,물리?학및기기분?실??CHEM314,1,7,11,4,0,2,0,0,0,0,0,0,0,0,0,0,0,0,25,
554,?화??CHEM461,6,5,2,2,0,2,0,0,0,0,0,0,0,0,0,0,0,0,17,
555,?기?학II,CHEM222,3,4,4,4,2,5,3,0,0,0,0,0,0,0,0,0,0,0,25
556,?과?문(?학),CHEM100,0,0,0,0,0,0,0,0,0,0,0,0,0,44,0,0,0,0,44
557,?학반응?험,CHEM226,3,3,8,1,2,1,0,0,0,0,0,0,0,0,0,0,0,0,18
558,?학?강:바이?메?컬?학,CHEM481B,1,2,1,2,0,0,0,0,0,0,0,0,0,1,0,0,0,0,7
559,?학?강:?공지?화??CHEM481A,1,2,2,0,0,1,0,0,0,0,0,0,0,0,0,0,0,0,6,
560,?과?문(?경공학/과학),EVSE100,0,0,0,0,0,0,0,0,0,0,0,0,0,8,0,0,0,0,8
561,?경과학개론,EVSE101,4,7,7,6,5,5,2,0,0,0,0,0,0,0,0,0,0,0,36
